40ef5d,127.0.0.1,GET,http://sifoni.demo.vn/,1441616948,,200
2cf47a,127.0.0.1,GET,http://sifoni.demo.vn/,1441617051,,200
1d72f7,127.0.0.1,GET,http://sifoni.demo.vn/,1441617719,,200
7f2030,127.0.0.1,GET,http://sifoni.demo.vn/,1441617770,,200
72b21e,127.0.0.1,GET,http://sifoni.demo.vn/,1441618037,,200
aea812,127.0.0.1,GET,http://sifoni.demo.vn/,1441618106,,200
0c844a,127.0.0.1,GET,http://sifoni.demo.vn/,1441618212,,200
30d84f,127.0.0.1,GET,http://sifoni.demo.vn/,1441618226,,200
e700e2,127.0.0.1,GET,http://sifoni.demo.vn/,1441618838,,200
7d67f1,127.0.0.1,GET,http://sifoni.demo.vn/,1441619251,,500
67517c,127.0.0.1,GET,http://sifoni.demo.vn/,1441619266,,500
c88d7b,127.0.0.1,GET,http://sifoni.demo.vn/,1441619286,,200
994d83,127.0.0.1,GET,http://sifoni.demo.vn/,1441619319,,200
9ca0a3,127.0.0.1,GET,http://sifoni.demo.vn/,1441619476,,200
7f7bbd,127.0.0.1,GET,http://sifoni.demo.vn/,1441619638,,200
b693ef,127.0.0.1,GET,http://sifoni.demo.vn/,1441619729,,200
7c9f69,127.0.0.1,GET,http://sifoni.demo.vn/,1441619760,,200
339ca6,127.0.0.1,GET,http://sifoni.demo.vn/,1441619867,,200
ce8937,127.0.0.1,GET,http://sifoni.demo.vn/,1441619945,,200
6230eb,127.0.0.1,GET,http://sifoni.demo.vn/,1441619956,,200
882a9e,127.0.0.1,GET,http://sifoni.demo.vn/,1441619966,,200
d55d0b,127.0.0.1,GET,http://sifoni.demo.vn/,1441619983,,200
c7a485,127.0.0.1,GET,http://sifoni.demo.vn/,1441620065,,200
ee56a5,127.0.0.1,GET,http://sifoni.demo.vn/,1441620070,,200
f181d5,127.0.0.1,GET,http://sifoni.demo.vn/,1441620451,,200
9c8584,127.0.0.1,GET,http://sifoni.demo.vn/,1441620581,,200
388550,127.0.0.1,GET,http://sifoni.demo.vn/,1441620613,,200
d6a738,127.0.0.1,GET,http://sifoni.demo.vn/,1441620711,,200
0ab464,127.0.0.1,GET,http://sifoni.demo.vn/,1441620719,,200
f84302,127.0.0.1,GET,http://sifoni.demo.vn/,1441620724,,200
cc0851,127.0.0.1,GET,http://sifoni.demo.vn/,1441620759,,200
86ab22,127.0.0.1,GET,http://sifoni.demo.vn/,1441620779,,200
a9effa,127.0.0.1,GET,http://sifoni.demo.vn/,1441620817,,200
dacddb,127.0.0.1,GET,http://sifoni.demo.vn/,1441620941,,200
464bdc,127.0.0.1,GET,http://sifoni.demo.vn/,1441620959,,200
c17512,127.0.0.1,GET,http://sifoni.demo.vn/,1441641803,,200
84f410,127.0.0.1,GET,http://sifoni.demo.vn/favicon.ico,1441641806,,404
128502,127.0.0.1,GET,http://sifoni.demo.vn/,1441714400,,200
f773da,127.0.0.1,GET,http://sifoni.demo.vn/favicon.ico,1441714402,,404
6d9524,127.0.0.1,GET,http://sifoni.demo.vn/,1441714823,,200
8e37bd,127.0.0.1,GET,http://sifoni.demo.vn/,1441714846,,200
3bbe9b,127.0.0.1,GET,http://sifoni.demo.vn/,1441714853,,200
24830b,127.0.0.1,GET,http://sifoni.demo.vn/,1441714872,,200
9498ea,127.0.0.1,GET,http://sifoni.demo.vn/store,1441719866,,500
78f754,127.0.0.1,GET,http://sifoni.demo.vn/store,1441719889,,200
73c29a,127.0.0.1,GET,http://sifoni.demo.vn/store,1441719915,,200
1dd107,127.0.0.1,GET,http://sifoni.demo.vn/store,1441719936,,200
9503ab,127.0.0.1,GET,http://sifoni.demo.vn/store,1441721467,,500
2c57aa,127.0.0.1,GET,http://sifoni.demo.vn/store,1441722230,,200
22ff80,127.0.0.1,GET,http://sifoni.demo.vn/store,1441722884,,200
53c9cf,127.0.0.1,GET,http://sifoni.demo.vn/store,1441723006,,200
4ad6b3,127.0.0.1,GET,http://sifoni.demo.vn/store,1441723045,,200
a3e683,127.0.0.1,GET,http://sifoni.demo.vn/,1441759203,,200
63dc1e,127.0.0.1,GET,http://sifoni.demo.vn/,1441759203,,200
61df7e,127.0.0.1,GET,http://sifoni.demo.vn/favicon.ico,1441759212,,404
fffd92,127.0.0.1,GET,http://sifoni.demo.vn/store,1441763188,,200
e56774,127.0.0.1,GET,http://sifoni.demo.vn/store,1441764334,,200
046383,127.0.0.1,GET,http://sifoni.demo.vn/store/detail/2,1441764340,,500
fdfc86,127.0.0.1,GET,http://sifoni.demo.vn/store/detail/2,1441764515,,500
dde565,127.0.0.1,GET,http://sifoni.demo.vn/store/detail/2,1441764685,,200
f699a5,127.0.0.1,GET,http://sifoni.demo.vn/store/detail/styles/js/jquery.flexisel.js,1441764693,,404
d609f0,127.0.0.1,GET,http://sifoni.demo.vn/store/detail/styles/js/easing.js,1441764693,,404
b2ab15,127.0.0.1,GET,http://sifoni.demo.vn/store/detail/styles/images/logo-1.png,1441764693,,404
d3c200,127.0.0.1,GET,http://sifoni.demo.vn/store/detail/styles/js/move-top.js,1441764693,,404
7edfd8,127.0.0.1,GET,http://sifoni.demo.vn/store/detail/styles/images/c-10.jpg,1441764694,,404
bffc13,127.0.0.1,GET,http://sifoni.demo.vn/store/detail/styles/images/c-12.jpg,1441764694,,404
8a00f4,127.0.0.1,GET,http://sifoni.demo.vn/store/detail/styles/images/c-11.jpg,1441764694,,404
381325,127.0.0.1,GET,http://sifoni.demo.vn/store/detail/styles/images/cf-Los-Planes.jpg,1441764694,,404
adc0ce,127.0.0.1,GET,http://sifoni.demo.vn/store/detail/styles/images/s-2.jpg,1441764694,,404
d94cd6,127.0.0.1,GET,http://sifoni.demo.vn/store/detail/styles/images/s-3.jpg,1441764695,,404
75ca58,127.0.0.1,GET,http://sifoni.demo.vn/store/detail/styles/images/s-5.jpg,1441764695,,404
60bd6f,127.0.0.1,GET,http://sifoni.demo.vn/store/detail/styles/images/s-4.jpg,1441764695,,404
79cc6c,127.0.0.1,GET,http://sifoni.demo.vn/store/detail/styles/images/logo-1.png,1441764695,,404
11cdfc,127.0.0.1,GET,http://sifoni.demo.vn/store/detail/styles/images/s-6.jpg,1441764695,,404
a421f5,127.0.0.1,GET,http://sifoni.demo.vn/store/detail/5,1441764961,,200
7bbcab,127.0.0.1,GET,http://sifoni.demo.vn/store/detail/styles/js/move-top.js,1441764961,,404
6e9ae4,127.0.0.1,GET,http://sifoni.demo.vn/store/detail/styles/js/easing.js,1441764961,,404
89f8aa,127.0.0.1,GET,http://sifoni.demo.vn/store/detail/styles/images/s-1.jpg,1441764971,,404
49c0f0,127.0.0.1,GET,http://sifoni.demo.vn/store/detail/styles/images/c-10.jpg,1441764971,,404
86ff00,127.0.0.1,GET,http://sifoni.demo.vn/store/detail/styles/images/cf-Black-Ivory.jpg,1441764971,,404
99663d,127.0.0.1,GET,http://sifoni.demo.vn/store/detail/styles/images/c-12.jpg,1441764971,,404
452055,127.0.0.1,GET,http://sifoni.demo.vn/store/detail/styles/images/s-4.jpg,1441764982,,404
676b5b,127.0.0.1,GET,http://sifoni.demo.vn/store/detail/styles/images/s-2.jpg,1441764982,,404
3ed158,127.0.0.1,GET,http://sifoni.demo.vn/store/detail/styles/images/s-3.jpg,1441764982,,404
1d8aef,127.0.0.1,GET,http://sifoni.demo.vn/store/detail/styles/images/s-5.jpg,1441764982,,404
288c98,127.0.0.1,GET,http://sifoni.demo.vn/store/detail/styles/images/s-6.jpg,1441764982,,404
d446e3,127.0.0.1,GET,http://sifoni.demo.vn/store/detail/styles/js/easing.js,1441765093,,404
64fa50,127.0.0.1,GET,http://sifoni.demo.vn/store/detail/styles/js/move-top.js,1441765093,,404
6c989a,127.0.0.1,GET,http://sifoni.demo.vn/store/detail/styles/js/jquery.flexisel.js,1441765093,,404
760369,127.0.0.1,GET,http://sifoni.demo.vn/store/detail/styles/images/logo-1.png,1441765093,,404
faeb18,127.0.0.1,GET,http://sifoni.demo.vn/store/detail/styles/images/c-11.jpg,1441765094,,404
172f51,127.0.0.1,GET,http://sifoni.demo.vn/store/detail/styles/images/c-10.jpg,1441765094,,404
19c1c1,127.0.0.1,GET,http://sifoni.demo.vn/store/detail/styles/images/s-1.jpg,1441765094,,404
14c1b6,127.0.0.1,GET,http://sifoni.demo.vn/store/detail/styles/images/c-12.jpg,1441765094,,404
5c3ab2,127.0.0.1,GET,http://sifoni.demo.vn/store/detail/styles/images/s-2.jpg,1441765094,,404
69c71c,127.0.0.1,GET,http://sifoni.demo.vn/store/detail/styles/images/s-3.jpg,1441765094,,404
1b9296,127.0.0.1,GET,http://sifoni.demo.vn/store/detail/styles/images/s-4.jpg,1441765094,,404
a73b88,127.0.0.1,GET,http://sifoni.demo.vn/store/detail/styles/images/s-5.jpg,1441765094,,404
4ed723,127.0.0.1,GET,http://sifoni.demo.vn/store/detail/styles/images/s-6.jpg,1441765094,,404
791d54,127.0.0.1,GET,http://sifoni.demo.vn/store/detail/1,1441765093,,200
0500b3,127.0.0.1,GET,http://sifoni.demo.vn/store/detail/3,1441765178,,200
8245fb,127.0.0.1,GET,http://sifoni.demo.vn/store/detail/styles/js/move-top.js,1441765178,,404
f25390,127.0.0.1,GET,http://sifoni.demo.vn/store/detail/styles/js/easing.js,1441765178,,404
f11647,127.0.0.1,GET,http://sifoni.demo.vn/store/detail/styles/js/jquery.flexisel.js,1441765178,,404
285d21,127.0.0.1,GET,http://sifoni.demo.vn/store/detail/styles/images/logo-1.png,1441765178,,404
425751,127.0.0.1,GET,http://sifoni.demo.vn/store/detail/styles/images/c-12.jpg,1441765178,,404
08f525,127.0.0.1,GET,http://sifoni.demo.vn/store/detail/styles/images/c-10.jpg,1441765178,,404
b8dbf8,127.0.0.1,GET,http://sifoni.demo.vn/store/detail/styles/images/s-2.jpg,1441765178,,404
17d6a8,127.0.0.1,GET,http://sifoni.demo.vn/store/detail/styles/images/c-11.jpg,1441765178,,404
e335bb,127.0.0.1,GET,http://sifoni.demo.vn/store/detail/styles/images/s-1.jpg,1441765178,,404
51baa0,127.0.0.1,GET,http://sifoni.demo.vn/store/detail/styles/images/s-5.jpg,1441765179,,404
24c284,127.0.0.1,GET,http://sifoni.demo.vn/store/detail/styles/images/s-6.jpg,1441765179,,404
179f6e,127.0.0.1,GET,http://sifoni.demo.vn/store/detail/styles/images/s-4.jpg,1441765179,,404
83ead0,127.0.0.1,GET,http://sifoni.demo.vn/store/detail/styles/images/s-3.jpg,1441765179,,404
d5fe27,127.0.0.1,GET,http://sifoni.demo.vn/store/detail/1,1441765193,,200
e0eb06,127.0.0.1,GET,http://sifoni.demo.vn/store/detail/styles/js/move-top.js,1441765193,,404
fdaad1,127.0.0.1,GET,http://sifoni.demo.vn/store/detail/styles/js/jquery.flexisel.js,1441765193,,404
29e425,127.0.0.1,GET,http://sifoni.demo.vn/store/detail/styles/images/logo-1.png,1441765193,,404
767106,127.0.0.1,GET,http://sifoni.demo.vn/store/detail/styles/images/c-11.jpg,1441765194,,404
859250,127.0.0.1,GET,http://sifoni.demo.vn/store/detail/styles/images/c-10.jpg,1441765194,,404
8d7fb5,127.0.0.1,GET,http://sifoni.demo.vn/store/detail/styles/images/s-3.jpg,1441765193,,404
7a2354,127.0.0.1,GET,http://sifoni.demo.vn/store/detail/styles/images/c-12.jpg,1441765194,,404
d35a1a,127.0.0.1,GET,http://sifoni.demo.vn/store/detail/styles/images/s-1.jpg,1441765193,,404
0aaaf3,127.0.0.1,GET,http://sifoni.demo.vn/store/detail/styles/images/s-2.jpg,1441765194,,404
75e2aa,127.0.0.1,GET,http://sifoni.demo.vn/store/detail/styles/js/easing.js,1441765193,,404
cffe4c,127.0.0.1,GET,http://sifoni.demo.vn/store/detail/styles/images/logo-1.png,1441765194,,404
40cfc6,127.0.0.1,GET,http://sifoni.demo.vn/store/detail/styles/images/s-4.jpg,1441765194,,404
e4db45,127.0.0.1,GET,http://sifoni.demo.vn/store/detail/styles/images/s-6.jpg,1441765194,,404
5b72ba,127.0.0.1,GET,http://sifoni.demo.vn/store/detail/styles/images/s-5.jpg,1441765194,,404
6d71d1,127.0.0.1,GET,http://sifoni.demo.vn/store/detail/1,1441765212,,200
83b6ec,127.0.0.1,GET,http://sifoni.demo.vn/store/detail/styles/js/easing.js,1441765212,,404
5b12d7,127.0.0.1,GET,http://sifoni.demo.vn/store/detail/styles/js/jquery.flexisel.js,1441765212,,404
abaa26,127.0.0.1,GET,http://sifoni.demo.vn/store/detail/styles/images/logo-1.png,1441765212,,404
a1143c,127.0.0.1,GET,http://sifoni.demo.vn/store/detail/styles/js/move-top.js,1441765212,,404
9663e2,127.0.0.1,GET,http://sifoni.demo.vn/store/detail/styles/images/c-12.jpg,1441765213,,404
e7e973,127.0.0.1,GET,http://sifoni.demo.vn/store/detail/styles/images/c-11.jpg,1441765213,,404
cb05b6,127.0.0.1,GET,http://sifoni.demo.vn/store/detail/styles/images/c-10.jpg,1441765213,,404
082411,127.0.0.1,GET,http://sifoni.demo.vn/store/detail/styles/images/s-2.jpg,1441765213,,404
d18ceb,127.0.0.1,GET,http://sifoni.demo.vn/store/detail/styles/images/s-1.jpg,1441765213,,404
6df9a6,127.0.0.1,GET,http://sifoni.demo.vn/store/detail/styles/images/s-3.jpg,1441765213,,404
5fcb36,127.0.0.1,GET,http://sifoni.demo.vn/store/detail/styles/images/s-5.jpg,1441765213,,404
8ac71d,127.0.0.1,GET,http://sifoni.demo.vn/store/detail/styles/images/s-4.jpg,1441765213,,404
f652c4,127.0.0.1,GET,http://sifoni.demo.vn/store/detail/styles/images/s-6.jpg,1441765213,,404
f2637c,127.0.0.1,GET,http://sifoni.demo.vn/store/detail/styles/images/logo-1.png,1441765213,,404
37af91,127.0.0.1,GET,http://sifoni.demo.vn/store/detail/1,1441765224,,200
ea5f6b,127.0.0.1,GET,http://sifoni.demo.vn/store/detail/styles/js/jquery.flexisel.js,1441765224,,404
96cfc2,127.0.0.1,GET,http://sifoni.demo.vn/store/detail/styles/js/move-top.js,1441765224,,404
b851d8,127.0.0.1,GET,http://sifoni.demo.vn/store/detail/styles/js/easing.js,1441765224,,404
9bcb4a,127.0.0.1,GET,http://sifoni.demo.vn/store/detail/styles/images/logo-1.png,1441765224,,404
3bcf62,127.0.0.1,GET,http://sifoni.demo.vn/store/detail/styles/images/c-12.jpg,1441765225,,404
e777a1,127.0.0.1,GET,http://sifoni.demo.vn/store/detail/styles/images/c-10.jpg,1441765225,,404
aa9fce,127.0.0.1,GET,http://sifoni.demo.vn/store/detail/styles/images/s-2.jpg,1441765225,,404
4ecf61,127.0.0.1,GET,http://sifoni.demo.vn/store/detail/styles/images/s-1.jpg,1441765225,,404
5e0d8d,127.0.0.1,GET,http://sifoni.demo.vn/store/detail/styles/images/c-11.jpg,1441765225,,404
2cb6f8,127.0.0.1,GET,http://sifoni.demo.vn/store/detail/styles/images/s-4.jpg,1441765225,,404
9461de,127.0.0.1,GET,http://sifoni.demo.vn/store/detail/styles/images/s-3.jpg,1441765225,,404
6d6535,127.0.0.1,GET,http://sifoni.demo.vn/store/detail/styles/images/s-5.jpg,1441765225,,404
b0a3ee,127.0.0.1,GET,http://sifoni.demo.vn/store/detail/styles/images/s-6.jpg,1441765225,,404
3f7b84,127.0.0.1,GET,http://sifoni.demo.vn/store/detail/1,1441765255,,200
eaa4b7,127.0.0.1,GET,http://sifoni.demo.vn/store/detail/styles/js/move-top.js,1441765256,,404
697b97,127.0.0.1,GET,http://sifoni.demo.vn/store/detail/styles/js/easing.js,1441765256,,404
8ea0bd,127.0.0.1,GET,http://sifoni.demo.vn/store/detail/styles/images/logo-1.png,1441765256,,404
ab46b8,127.0.0.1,GET,http://sifoni.demo.vn/store/detail/styles/js/jquery.flexisel.js,1441765256,,404
fa3b11,127.0.0.1,GET,http://sifoni.demo.vn/store/detail/styles/images/c-11.jpg,1441765256,,404
a550c7,127.0.0.1,GET,http://sifoni.demo.vn/store/detail/styles/images/c-12.jpg,1441765256,,404
4adcd1,127.0.0.1,GET,http://sifoni.demo.vn/store/detail/styles/images/s-1.jpg,1441765256,,404
7e12aa,127.0.0.1,GET,http://sifoni.demo.vn/store/detail/styles/images/s-3.jpg,1441765256,,404
efbc25,127.0.0.1,GET,http://sifoni.demo.vn/store/detail/styles/images/c-10.jpg,1441765256,,404
6d8b39,127.0.0.1,GET,http://sifoni.demo.vn/store/detail/styles/images/s-2.jpg,1441765256,,404
72f13d,127.0.0.1,GET,http://sifoni.demo.vn/store/detail/styles/images/s-5.jpg,1441765257,,404
0f176c,127.0.0.1,GET,http://sifoni.demo.vn/store/detail/styles/images/s-4.jpg,1441765257,,404
00b826,127.0.0.1,GET,http://sifoni.demo.vn/store/detail/styles/images/s-6.jpg,1441765257,,404
ed3f5e,127.0.0.1,GET,http://sifoni.demo.vn/store,1441765266,,200
3dc3f0,127.0.0.1,GET,http://sifoni.demo.vn/store/detail/styles/images/logo-1.png,1441765313,,404
84444b,127.0.0.1,GET,http://sifoni.demo.vn/store/detail/styles/js/easing.js,1441765313,,404
41d23a,127.0.0.1,GET,http://sifoni.demo.vn/store/detail/styles/js/move-top.js,1441765313,,404
063010,127.0.0.1,GET,http://sifoni.demo.vn/store/detail/styles/js/jquery.flexisel.js,1441765313,,404
2a0ea7,127.0.0.1,GET,http://sifoni.demo.vn/store/detail/styles/images/s-3.jpg,1441765314,,404
fa8d56,127.0.0.1,GET,http://sifoni.demo.vn/store/detail/styles/images/s-2.jpg,1441765314,,404
bb8e7a,127.0.0.1,GET,http://sifoni.demo.vn/store/detail/styles/images/s-4.jpg,1441765314,,404
a2fd5f,127.0.0.1,GET,http://sifoni.demo.vn/store/detail/styles/images/s-1.jpg,1441765314,,404
d8ccea,127.0.0.1,GET,http://sifoni.demo.vn/store/detail/styles/images/logo-1.png,1441765314,,404
c91219,127.0.0.1,GET,http://sifoni.demo.vn/store/detail/styles/images/s-5.jpg,1441765314,,404
f91ae3,127.0.0.1,GET,http://sifoni.demo.vn/store/detail/styles/images/s-6.jpg,1441765314,,404
74f446,127.0.0.1,GET,http://sifoni.demo.vn/store/detail/5,1441765341,,200
aecf2b,127.0.0.1,GET,http://sifoni.demo.vn/store/detail/styles/js/move-top.js,1441765342,,404
4e9679,127.0.0.1,GET,http://sifoni.demo.vn/store/detail/styles/js/jquery.flexisel.js,1441765342,,404
67ffb5,127.0.0.1,GET,http://sifoni.demo.vn/store/detail/styles/images/s-1.jpg,1441765342,,404
4ba455,127.0.0.1,GET,http://sifoni.demo.vn/store/detail/styles/js/easing.js,1441765342,,404
41361c,127.0.0.1,GET,http://sifoni.demo.vn/store/detail/styles/images/s-3.jpg,1441765342,,404
27e933,127.0.0.1,GET,http://sifoni.demo.vn/store/detail/styles/images/s-2.jpg,1441765342,,404
23f9fc,127.0.0.1,GET,http://sifoni.demo.vn/store/detail/styles/images/s-6.jpg,1441765342,,404
0e84a4,127.0.0.1,GET,http://sifoni.demo.vn/store/detail/styles/images/s-5.jpg,1441765342,,404
0cd7e1,127.0.0.1,GET,http://sifoni.demo.vn/store/detail/styles/images/s-4.jpg,1441765342,,404
09c321,127.0.0.1,GET,http://sifoni.demo.vn/store/detail/5,1441765395,,200
e2b150,127.0.0.1,GET,http://sifoni.demo.vn/store/detail/styles/js/jquery.flexisel.js,1441765395,,404
fe5293,127.0.0.1,GET,http://sifoni.demo.vn/store/detail/styles/images/s-2.jpg,1441765396,,404
4ad8d3,127.0.0.1,GET,http://sifoni.demo.vn/store/detail/styles/images/s-3.jpg,1441765396,,404
c05f76,127.0.0.1,GET,http://sifoni.demo.vn/store/detail/styles/images/s-1.jpg,1441765395,,404
1c346e,127.0.0.1,GET,http://sifoni.demo.vn/store/detail/styles/images/s-4.jpg,1441765396,,404
5f68ee,127.0.0.1,GET,http://sifoni.demo.vn/store/detail/styles/images/s-5.jpg,1441765396,,404
bb6ac4,127.0.0.1,GET,http://sifoni.demo.vn/store/detail/styles/images/s-6.jpg,1441765396,,404
9f02a1,127.0.0.1,GET,http://sifoni.demo.vn/store/detail/5,1441765557,,200
f151de,127.0.0.1,GET,http://sifoni.demo.vn/,1441766929,,200
897ec0,127.0.0.1,GET,http://sifoni.demo.vn/,1441766929,,200
c016b4,127.0.0.1,GET,http://sifoni.demo.vn/,1441766946,,200
72dbf8,127.0.0.1,GET,http://sifoni.demo.vn/store,1441766950,,200
0a8cd5,127.0.0.1,GET,http://sifoni.demo.vn/,1441779580,,200
236817,127.0.0.1,GET,http://sifoni.demo.vn/,1441779580,,200
5f3d56,127.0.0.1,GET,http://sifoni.demo.vn/favicon.ico,1441779585,,404
0a53a4,127.0.0.1,GET,http://sifoni.demo.vn/store,1441780062,,200
3f4875,127.0.0.1,GET,http://sifoni.demo.vn/,1441785337,,200
3c231d,127.0.0.1,GET,http://sifoni.demo.vn/,1441785337,,200
71287e,127.0.0.1,GET,http://sifoni.demo.vn/store,1441785345,,200
15770a,127.0.0.1,GET,http://sifoni.demo.vn/store/detail/1,1441785348,,200
080877,127.0.0.1,GET,http://sifoni.demo.vn/,1441848818,,200
08c103,127.0.0.1,GET,http://sifoni.demo.vn/favicon.ico,1441848825,,404
46938a,127.0.0.1,GET,http://sifoni.demo.vn/,1441849812,,500
2317ec,127.0.0.1,GET,http://sifoni.demo.vn/,1441850268,,500
2ecdee,127.0.0.1,GET,http://sifoni.demo.vn/,1441850284,,500
60bacd,127.0.0.1,GET,http://sifoni.demo.vn/,1441850472,,500
5a19dc,127.0.0.1,GET,http://sifoni.demo.vn/,1441850519,,200
a87766,127.0.0.1,GET,http://sifoni.demo.vn/store,1441850531,,200
d0c5b8,127.0.0.1,POST,http://sifoni.demo.vn/index.php/?c=auth&m=login,1441850539,,200
00e2ce,127.0.0.1,POST,http://sifoni.demo.vn/index.php/?c=auth&m=login,1441850573,,200
5e583e,127.0.0.1,GET,http://sifoni.demo.vn/store,1441850578,,200
2e7727,127.0.0.1,GET,http://sifoni.demo.vn/index.php/,1441850839,,200
2cb000,127.0.0.1,POST,http://sifoni.demo.vn/index.php/,1441850845,,200
b87b6d,127.0.0.1,GET,http://sifoni.demo.vn/,1441850854,,200
fe8385,127.0.0.1,GET,http://sifoni.demo.vn/,1441850900,,200
6fb46f,127.0.0.1,POST,http://sifoni.demo.vn/auth/login,1441850905,,500
c75962,127.0.0.1,POST,http://sifoni.demo.vn/auth/login,1441851395,,500
047a95,127.0.0.1,POST,http://sifoni.demo.vn/auth/login,1441851463,,500
555a68,127.0.0.1,POST,http://sifoni.demo.vn/auth/login,1441851503,,500
22d0ff,127.0.0.1,POST,http://sifoni.demo.vn/auth/login,1441851510,,500
39f0aa,127.0.0.1,POST,http://sifoni.demo.vn/auth/login,1441851540,,500
f2dcaa,127.0.0.1,POST,http://sifoni.demo.vn/auth/login,1441851576,,500
b9dfba,127.0.0.1,POST,http://sifoni.demo.vn/auth/login,1441851624,,500
a69285,127.0.0.1,GET,http://sifoni.demo.vn/auth/login,1441852009,,500
ffb8b8,127.0.0.1,GET,http://sifoni.demo.vn/auth/login,1441852276,,200
3a267d,127.0.0.1,GET,http://sifoni.demo.vn/auth/login,1441852330,,302
e7e984,127.0.0.1,GET,http://sifoni.demo.vn/,1441852331,,200
ff11eb,127.0.0.1,GET,http://sifoni.demo.vn/,1441852419,,200
c7f480,127.0.0.1,POST,http://sifoni.demo.vn/auth/login,1441852438,,302
618f85,127.0.0.1,GET,http://sifoni.demo.vn/,1441852439,,200
ba628d,127.0.0.1,GET,http://sifoni.demo.vn/,1441852764,,200
17af09,127.0.0.1,GET,http://sifoni.demo.vn/,1441852838,,200
b29bc3,127.0.0.1,POST,http://sifoni.demo.vn/auth/login,1441852846,,302
93181d,127.0.0.1,GET,http://sifoni.demo.vn/,1441852846,,200
11e4a3,127.0.0.1,GET,http://sifoni.demo.vn/,1441852939,,200
206fee,127.0.0.1,GET,http://sifoni.demo.vn/,1441853006,,200
f9d402,127.0.0.1,POST,http://sifoni.demo.vn/auth/login,1441853011,,500
0892ae,127.0.0.1,GET,http://sifoni.demo.vn/auth/login,1441853078,,500
92f99e,127.0.0.1,GET,http://sifoni.demo.vn/,1441853091,,200
a94cb0,127.0.0.1,GET,http://sifoni.demo.vn/,1441853091,,200
9e9758,127.0.0.1,POST,http://sifoni.demo.vn/auth/login,1441853101,,500
bd3832,127.0.0.1,POST,http://sifoni.demo.vn/auth/login,1441853189,,200
c209bc,127.0.0.1,GET,http://sifoni.demo.vn/auth/styles/images/c-3.jpg,1441853189,,404
f2d69a,127.0.0.1,GET,http://sifoni.demo.vn/auth/styles/images/c-1.jpg,1441853190,,404
658490,127.0.0.1,POST,http://sifoni.demo.vn/auth/login,1441853230,,200
b69014,127.0.0.1,GET,http://sifoni.demo.vn/auth/styles/images/c-3.jpg,1441853230,,404
d7f5b2,127.0.0.1,GET,http://sifoni.demo.vn/auth/styles/images/c-1.jpg,1441853231,,404
b21cd5,127.0.0.1,GET,http://sifoni.demo.vn/,1441853240,,200
c08b3d,127.0.0.1,POST,http://sifoni.demo.vn/auth/login,1441853254,,200
882e21,127.0.0.1,GET,http://sifoni.demo.vn/auth/styles/images/c-3.jpg,1441853254,,404
ab1224,127.0.0.1,GET,http://sifoni.demo.vn/auth/styles/images/c-1.jpg,1441853254,,404
aa3121,127.0.0.1,GET,http://sifoni.demo.vn/,1441853558,,200
e84c35,127.0.0.1,GET,http://sifoni.demo.vn/,1441853558,,200
d18717,127.0.0.1,POST,http://sifoni.demo.vn/auth/login,1441853569,,200
2aa36c,127.0.0.1,GET,http://sifoni.demo.vn/auth/styles/images/c-1.jpg,1441853569,,404
03981e,127.0.0.1,GET,http://sifoni.demo.vn/auth/styles/images/c-3.jpg,1441853569,,404
7e812d,127.0.0.1,POST,http://sifoni.demo.vn/auth/login,1441853630,,200
9548ef,127.0.0.1,GET,http://sifoni.demo.vn/auth/styles/images/c-1.jpg,1441853630,,404
181171,127.0.0.1,GET,http://sifoni.demo.vn/auth/styles/images/c-3.jpg,1441853630,,404
ab4f17,127.0.0.1,POST,http://sifoni.demo.vn/auth/login,1441853689,,200
316eb1,127.0.0.1,GET,http://sifoni.demo.vn/auth/styles/images/c-3.jpg,1441853689,,404
d6efc9,127.0.0.1,GET,http://sifoni.demo.vn/auth/styles/images/c-1.jpg,1441853689,,404
a8c182,127.0.0.1,POST,http://sifoni.demo.vn/auth/login,1441853699,,200
7cadc5,127.0.0.1,GET,http://sifoni.demo.vn/auth/styles/images/c-1.jpg,1441853700,,404
479d40,127.0.0.1,GET,http://sifoni.demo.vn/auth/styles/images/c-3.jpg,1441853700,,404
dfbea3,127.0.0.1,POST,http://sifoni.demo.vn/auth/login,1441853760,,200
581209,127.0.0.1,GET,http://sifoni.demo.vn/auth/styles/images/c-3.jpg,1441853761,,404
f22fce,127.0.0.1,GET,http://sifoni.demo.vn/auth/styles/images/c-1.jpg,1441853761,,404
acb3c6,127.0.0.1,POST,http://sifoni.demo.vn/auth/login,1441853883,,200
e3f22d,127.0.0.1,GET,http://sifoni.demo.vn/auth/styles/images/c-1.jpg,1441853884,,404
d583de,127.0.0.1,GET,http://sifoni.demo.vn/auth/styles/images/c-3.jpg,1441853884,,404
1dbcec,127.0.0.1,GET,http://sifoni.demo.vn/,1441867030,,200
6a66f1,127.0.0.1,GET,http://sifoni.demo.vn/,1441867030,,200
7e4075,127.0.0.1,GET,http://sifoni.demo.vn/favicon.ico,1441867032,,404
b5d7c7,127.0.0.1,GET,http://sifoni.demo.vn/,1441867658,,200
7b8a28,127.0.0.1,POST,http://sifoni.demo.vn/auth/login,1441867665,,500
94e4f8,127.0.0.1,GET,http://sifoni.demo.vn/auth/login,1441867886,,500
096b69,127.0.0.1,GET,http://sifoni.demo.vn/auth/login,1441867920,,500
5a9c12,127.0.0.1,GET,http://sifoni.demo.vn/,1441868030,,500
94c9ff,127.0.0.1,GET,http://sifoni.demo.vn/,1441868204,,500
4d3a19,127.0.0.1,GET,http://sifoni.demo.vn/,1441868226,,500
c1f8f6,127.0.0.1,GET,http://sifoni.demo.vn/,1441868259,,500
b884d2,127.0.0.1,GET,http://sifoni.demo.vn/,1441868355,,200
f44837,127.0.0.1,GET,http://sifoni.demo.vn/,1441868490,,200
c90241,127.0.0.1,GET,http://sifoni.demo.vn/,1441868508,,200
a3ac99,127.0.0.1,GET,http://sifoni.demo.vn/,1441868627,,200
cc3b5c,127.0.0.1,GET,http://sifoni.demo.vn/,1441868675,,200
0c282e,127.0.0.1,GET,http://sifoni.demo.vn/,1441868710,,500
fbabd8,127.0.0.1,GET,http://sifoni.demo.vn/,1441868721,,500
a4df9e,127.0.0.1,GET,http://sifoni.demo.vn/,1441868733,,500
7ec75d,127.0.0.1,GET,http://sifoni.demo.vn/,1441868767,,500
b062c4,127.0.0.1,GET,http://sifoni.demo.vn/,1441868789,,500
7a49d3,127.0.0.1,GET,http://sifoni.demo.vn/,1441868807,,500
b62a80,127.0.0.1,GET,http://sifoni.demo.vn/,1441868854,,500
d214ef,127.0.0.1,GET,http://sifoni.demo.vn/,1441868865,,500
f44e26,127.0.0.1,GET,http://sifoni.demo.vn/,1441868890,,200
2ed1ab,127.0.0.1,GET,http://sifoni.demo.vn/,1441868941,,500
49d3c4,127.0.0.1,GET,http://sifoni.demo.vn/,1441868955,,200
38392f,127.0.0.1,GET,http://sifoni.demo.vn/,1441869063,,200
90b886,127.0.0.1,GET,http://sifoni.demo.vn/,1441869140,,200
8b49a0,127.0.0.1,GET,http://sifoni.demo.vn/,1441869162,,200
f7f3e3,127.0.0.1,GET,http://sifoni.demo.vn/store/detail/1,1441869429,,200
8894bc,127.0.0.1,GET,http://sifoni.demo.vn/store/detail/index.php/?c=auth&m=logout,1441869439,,200
752ccc,127.0.0.1,GET,http://sifoni.demo.vn/store/detail/styles/images/c-3.jpg,1441869440,,404
5c8bc5,127.0.0.1,GET,http://sifoni.demo.vn/store/detail/styles/images/c-1.jpg,1441869440,,404
77cedd,127.0.0.1,GET,http://sifoni.demo.vn/,1441869888,,200
063224,127.0.0.1,GET,http://sifoni.demo.vn/index.php/?c=auth&m=logout,1441869897,,200
48c091,127.0.0.1,GET,http://sifoni.demo.vn/index.php/?c=auth&m=logout,1441869915,,200
d2ee9f,127.0.0.1,GET,http://sifoni.demo.vn/,1441869919,,200
288285,127.0.0.1,GET,http://sifoni.demo.vn/,1441869919,,200
f3e54d,127.0.0.1,GET,http://sifoni.demo.vn/auth/logout,1441869921,,500
f08dbb,127.0.0.1,GET,http://sifoni.demo.vn/auth/logout,1441870073,,200
f2d071,127.0.0.1,GET,http://sifoni.demo.vn/auth/styles/images/c-1.jpg,1441870073,,404
9091da,127.0.0.1,GET,http://sifoni.demo.vn/auth/styles/images/c-3.jpg,1441870073,,404
c542ba,127.0.0.1,GET,http://sifoni.demo.vn/auth/styles/images/c-1.jpg,1441870518,,404
e88013,127.0.0.1,GET,http://sifoni.demo.vn/auth/styles/images/c-3.jpg,1441870518,,404
4c29c6,127.0.0.1,GET,http://sifoni.demo.vn/auth/styles/images/c-1.jpg,1441870552,,404
3034b9,127.0.0.1,GET,http://sifoni.demo.vn/auth/styles/images/c-3.jpg,1441870552,,404
5c88e6,127.0.0.1,GET,http://sifoni.demo.vn/auth/logout,1441870550,,200
b36d25,127.0.0.1,GET,http://sifoni.demo.vn/,1441870562,,200
a47eec,127.0.0.1,GET,http://sifoni.demo.vn/auth/styles/images/c-1.jpg,1441870950,,404
a39100,127.0.0.1,GET,http://sifoni.demo.vn/auth/styles/images/c-3.jpg,1441870950,,404
31ba92,127.0.0.1,GET,http://sifoni.demo.vn/auth/login,1441870970,,200
214d92,127.0.0.1,GET,http://sifoni.demo.vn/auth/styles/images/c-3.jpg,1441870971,,404
2d460d,127.0.0.1,GET,http://sifoni.demo.vn/auth/styles/images/c-1.jpg,1441870971,,404
502c5d,127.0.0.1,GET,http://sifoni.demo.vn/auth/login,1441871005,,200
6e157e,127.0.0.1,GET,http://sifoni.demo.vn/auth/styles/images/c-3.jpg,1441871005,,404
ef67fb,127.0.0.1,GET,http://sifoni.demo.vn/auth/styles/images/c-1.jpg,1441871005,,404
d1c418,127.0.0.1,GET,http://sifoni.demo.vn/store,1441871010,,200
98f6cb,127.0.0.1,GET,http://sifoni.demo.vn/store/detail/1,1441871013,,200
ce783a,127.0.0.1,GET,http://sifoni.demo.vn/auth/logout,1441871016,,500
98b981,127.0.0.1,GET,http://sifoni.demo.vn/auth/logout,1441871033,,302
efb242,127.0.0.1,GET,http://sifoni.demo.vn/,1441871033,,200
ba9a94,127.0.0.1,POST,http://sifoni.demo.vn/auth/login,1441871048,,200
eda4fc,127.0.0.1,GET,http://sifoni.demo.vn/auth/styles/images/c-1.jpg,1441871048,,404
5eae59,127.0.0.1,GET,http://sifoni.demo.vn/auth/styles/images/c-3.jpg,1441871048,,404
9be1cf,127.0.0.1,GET,http://sifoni.demo.vn/auth/logout,1441871050,,302
434c7e,127.0.0.1,GET,http://sifoni.demo.vn/,1441871051,,200
6a39d5,127.0.0.1,GET,http://sifoni.demo.vn/store,1441871119,,200
3022a4,127.0.0.1,GET,http://sifoni.demo.vn/store,1441871120,,200
f66cd3,127.0.0.1,POST,http://sifoni.demo.vn/auth/login,1441871127,,302
df7d51,127.0.0.1,GET,http://sifoni.demo.vn/,1441871136,,200
9809d3,127.0.0.1,GET,http://sifoni.demo.vn/auth/logout,1441871151,,302
b771a8,127.0.0.1,GET,http://sifoni.demo.vn/,1441874454,,200
1dd71a,127.0.0.1,GET,http://sifoni.demo.vn/,1441874549,,200
e11968,127.0.0.1,POST,http://sifoni.demo.vn/auth/register,1441874626,,200
09b351,127.0.0.1,GET,http://sifoni.demo.vn/auth/styles/images/c-3.jpg,1441874627,,404
f49d7d,127.0.0.1,POST,http://sifoni.demo.vn/auth/login,1441874788,,200
511e90,127.0.0.1,GET,http://sifoni.demo.vn/auth/styles/images/c-3.jpg,1441874789,,404
45c228,127.0.0.1,GET,http://sifoni.demo.vn/auth/styles/images/c-1.jpg,1441874789,,404
08d20e,127.0.0.1,GET,http://sifoni.demo.vn/auth/logout,1441874799,,302
e3881d,127.0.0.1,GET,http://sifoni.demo.vn/,1441874799,,200
578d1e,127.0.0.1,GET,http://sifoni.demo.vn/,1441874820,,200
7be38e,127.0.0.1,GET,http://sifoni.demo.vn/,1441874831,,200
4a2484,127.0.0.1,GET,http://sifoni.demo.vn/,1441875168,,200
d97040,127.0.0.1,GET,http://sifoni.demo.vn/,1441875269,,200
0eb8f8,127.0.0.1,POST,http://sifoni.demo.vn/auth/register,1441875779,,200
34ef54,127.0.0.1,GET,http://sifoni.demo.vn/auth/styles/images/c-1.jpg,1441875784,,404
866f65,127.0.0.1,GET,http://sifoni.demo.vn/auth/styles/images/c-3.jpg,1441875784,,404
7d9f8f,127.0.0.1,GET,http://sifoni.demo.vn/auth/styles/images/c-1.jpg,1441875833,,404
cbae08,127.0.0.1,GET,http://sifoni.demo.vn/auth/styles/images/c-3.jpg,1441875833,,404
59a2a7,127.0.0.1,POST,http://sifoni.demo.vn/auth/register,1441875945,,200
e81e9e,127.0.0.1,GET,http://sifoni.demo.vn/auth/styles/images/c-1.jpg,1441875945,,404
a15658,127.0.0.1,GET,http://sifoni.demo.vn/auth/styles/images/c-3.jpg,1441875945,,404
8a1107,127.0.0.1,POST,http://sifoni.demo.vn/auth/register,1441875984,,200
11eb7a,127.0.0.1,GET,http://sifoni.demo.vn/auth/styles/images/c-3.jpg,1441875995,,404
a1b4f8,127.0.0.1,GET,http://sifoni.demo.vn/auth/styles/images/c-1.jpg,1441875995,,404
a6fea6,127.0.0.1,GET,http://sifoni.demo.vn/,1441876026,,200
899b50,127.0.0.1,POST,http://sifoni.demo.vn/auth/register,1441876037,,200
6cbb88,127.0.0.1,GET,http://sifoni.demo.vn/auth/styles/images/c-1.jpg,1441876037,,404
3f4fab,127.0.0.1,GET,http://sifoni.demo.vn/auth/styles/images/c-3.jpg,1441876037,,404
87d237,127.0.0.1,POST,http://sifoni.demo.vn/auth/register,1441876502,,200
464175,127.0.0.1,GET,http://sifoni.demo.vn/auth/styles/images/c-1.jpg,1441876502,,404
a05263,127.0.0.1,GET,http://sifoni.demo.vn/auth/styles/images/c-3.jpg,1441876502,,404
c03376,127.0.0.1,GET,http://sifoni.demo.vn/,1441876571,,200
ac6a7e,127.0.0.1,POST,http://sifoni.demo.vn/auth/register,1441876599,,200
d43b11,127.0.0.1,GET,http://sifoni.demo.vn/auth/styles/images/c-1.jpg,1441876599,,404
2209b2,127.0.0.1,GET,http://sifoni.demo.vn/auth/styles/images/c-3.jpg,1441876599,,404
126b84,127.0.0.1,GET,http://sifoni.demo.vn/auth/styles/images/c-3.jpg,1441876814,,404
60157b,127.0.0.1,GET,http://sifoni.demo.vn/auth/styles/images/c-1.jpg,1441876815,,404
4d88c7,127.0.0.1,POST,http://sifoni.demo.vn/auth/register,1441876824,,200
ebd6e9,127.0.0.1,GET,http://sifoni.demo.vn/auth/styles/images/c-1.jpg,1441876825,,404
97dafb,127.0.0.1,GET,http://sifoni.demo.vn/auth/styles/images/c-3.jpg,1441876825,,404
8423bd,127.0.0.1,GET,http://sifoni.demo.vn/auth/styles/images/c-1.jpg,1441876860,,404
0c45d2,127.0.0.1,GET,http://sifoni.demo.vn/auth/styles/images/c-3.jpg,1441876860,,404
700576,127.0.0.1,GET,http://sifoni.demo.vn/auth/register,1441876859,,200
970157,127.0.0.1,POST,http://sifoni.demo.vn/auth/login,1441876910,,200
1dfec6,127.0.0.1,GET,http://sifoni.demo.vn/auth/styles/images/c-3.jpg,1441876910,,404
dbc6ba,127.0.0.1,GET,http://sifoni.demo.vn/auth/styles/images/c-1.jpg,1441876910,,404
4e7fd8,127.0.0.1,GET,http://sifoni.demo.vn/auth/login,1441876921,,200
795d94,127.0.0.1,GET,http://sifoni.demo.vn/auth/styles/images/c-1.jpg,1441876921,,404
56e8af,127.0.0.1,GET,http://sifoni.demo.vn/auth/styles/images/c-3.jpg,1441876921,,404
ecc564,127.0.0.1,GET,http://sifoni.demo.vn/,1442202799,,500
3841ea,127.0.0.1,GET,http://sifoni.demo.vn/,1442202836,,200
b2b7f9,127.0.0.1,GET,http://sifoni.demo.vn/store,1442203026,,200
25e1a1,127.0.0.1,GET,http://sifoni.demo.vn/store,1442203667,,200
47e9bd,127.0.0.1,GET,http://sifoni.demo.vn/styles/images/cf-Finca-El-Injerto.jpeg,1442203667,,404
f32fdc,127.0.0.1,GET,http://sifoni.demo.vn/store/detail/4,1442203678,,200
ea4823,127.0.0.1,GET,http://sifoni.demo.vn/store,1442203816,,200
dc4a44,127.0.0.1,GET,http://sifoni.demo.vn/store/detail/4,1442203834,,200
827562,127.0.0.1,GET,http://sifoni.demo.vn/store/detail/4,1442204257,,200
64a5f1,127.0.0.1,GET,http://sifoni.demo.vn/store/detail/4,1442204350,,200
b70e15,127.0.0.1,GET,http://sifoni.demo.vn/store/detail/4,1442204416,,200
4fb347,127.0.0.1,GET,http://sifoni.demo.vn/store/detail/4,1442204513,,200
5b8fb0,127.0.0.1,POST,http://sifoni.demo.vn/auth/login,1442204841,,200
1be15f,127.0.0.1,GET,http://sifoni.demo.vn/auth/styles/images/c-1.jpg,1442204841,,404
ff8c6e,127.0.0.1,GET,http://sifoni.demo.vn/store,1442204846,,200
e77c84,127.0.0.1,GET,http://sifoni.demo.vn/store/detail/4,1442204848,,200
112707,127.0.0.1,GET,http://sifoni.demo.vn/store/detail/4,1442204894,,200
fd9797,127.0.0.1,GET,http://sifoni.demo.vn/store/detail/4,1442204936,,200
9f7ec3,127.0.0.1,GET,http://sifoni.demo.vn/store/detail/4,1442204945,,200
727505,127.0.0.1,GET,http://sifoni.demo.vn/store/detail/4,1442204951,,200
cb9af3,127.0.0.1,GET,http://sifoni.demo.vn/store/detail/4,1442205239,,200
5f5f1a,127.0.0.1,GET,http://sifoni.demo.vn/auth/logout,1442205245,,302
e85158,127.0.0.1,GET,http://sifoni.demo.vn/,1442205246,,200
248ac2,127.0.0.1,GET,http://sifoni.demo.vn/store,1442205251,,200
6f1f34,127.0.0.1,GET,http://sifoni.demo.vn/store/detail/4,1442205253,,200
29b4dc,127.0.0.1,GET,http://sifoni.demo.vn/store/detail/4,1442205290,,200
2f204b,127.0.0.1,GET,http://sifoni.demo.vn/store/detail/4,1442205514,,200
a43f02,127.0.0.1,GET,http://sifoni.demo.vn/store/detail/4,1442205531,,200
af4901,127.0.0.1,GET,http://sifoni.demo.vn/store/detail/4,1442205549,,200
6c1923,127.0.0.1,GET,http://sifoni.demo.vn/store/detail/4,1442205572,,200
46e1cd,127.0.0.1,GET,http://sifoni.demo.vn/store/detail/4,1442205596,,200
cc15cf,127.0.0.1,GET,http://sifoni.demo.vn/store/detail/4,1442205688,,200
649e19,127.0.0.1,GET,http://sifoni.demo.vn/store/detail/4,1442205724,,200
139585,127.0.0.1,GET,http://sifoni.demo.vn/store/detail/4,1442205911,,200
0677a0,127.0.0.1,POST,http://sifoni.demo.vn/auth/login,1442205920,,200
061db9,127.0.0.1,GET,http://sifoni.demo.vn/auth/styles/images/c-1.jpg,1442205921,,404
b90ba6,127.0.0.1,GET,http://sifoni.demo.vn/store,1442205922,,200
0450b4,127.0.0.1,POST,http://sifoni.demo.vn/auth/login,1442205976,,200
75ed75,127.0.0.1,GET,http://sifoni.demo.vn/auth/styles/images/c-1.jpg,1442205976,,404
8c976d,127.0.0.1,GET,http://sifoni.demo.vn/store,1442205980,,200
44f084,127.0.0.1,GET,http://sifoni.demo.vn/store/detail/4,1442205987,,200
1bd1a3,127.0.0.1,GET,http://sifoni.demo.vn/store/detail/4,1442206002,,200
52153e,127.0.0.1,GET,http://sifoni.demo.vn/auth/logout,1442206015,,302
11f416,127.0.0.1,GET,http://sifoni.demo.vn/,1442206015,,200
0caace,127.0.0.1,GET,http://sifoni.demo.vn/store,1442206019,,200
21156d,127.0.0.1,GET,http://sifoni.demo.vn/store/detail/4,1442206021,,200
dff026,127.0.0.1,GET,http://sifoni.demo.vn/store/detail/4,1442206156,,200
e5540d,127.0.0.1,GET,http://sifoni.demo.vn/store/detail/4,1442206523,,200
aa1ae0,127.0.0.1,GET,http://sifoni.demo.vn/store/detail/4,1442206601,,200
e849f7,127.0.0.1,GET,http://sifoni.demo.vn/store/detail/4,1442206642,,200
2e6454,127.0.0.1,GET,http://sifoni.demo.vn/store/detail/4,1442207176,,200
54c4d4,127.0.0.1,GET,http://sifoni.demo.vn/store/detail/4,1442207279,,200
cdbcc1,127.0.0.1,GET,http://sifoni.demo.vn/store/detail/4,1442207425,,200
b4000e,127.0.0.1,POST,http://sifoni.demo.vn/auth/login,1442207447,,200
617a87,127.0.0.1,GET,http://sifoni.demo.vn/auth/styles/images/c-1.jpg,1442207447,,404
9cb66f,127.0.0.1,GET,http://sifoni.demo.vn/store,1442207450,,200
793320,127.0.0.1,GET,http://sifoni.demo.vn/store/detail/4,1442207454,,200
fb3c0f,127.0.0.1,GET,http://sifoni.demo.vn/store/detail/4,1442209141,,200
b8f45d,127.0.0.1,GET,http://sifoni.demo.vn/store/detail/4,1442209181,,200
0a3eb7,127.0.0.1,GET,http://sifoni.demo.vn/store/detail/4,1442209194,,200
2d5e5c,127.0.0.1,GET,http://sifoni.demo.vn/store/detail/4,1442209215,,200
32a714,127.0.0.1,GET,http://sifoni.demo.vn/store/detail/4,1442209231,,200
011461,127.0.0.1,GET,http://sifoni.demo.vn/store/detail/4,1442212403,,200
b7317e,127.0.0.1,GET,http://sifoni.demo.vn/store/detail/4,1442212412,,200
8a77ae,127.0.0.1,GET,http://sifoni.demo.vn/store/detail/4,1442212421,,200
0fbbf3,127.0.0.1,GET,http://sifoni.demo.vn/auth/logout,1442212424,,302
a173ed,127.0.0.1,GET,http://sifoni.demo.vn/,1442212425,,200
4396a2,127.0.0.1,GET,http://sifoni.demo.vn/store,1442212426,,200
44241d,127.0.0.1,GET,http://sifoni.demo.vn/store/detail/4,1442212429,,200
f9391e,127.0.0.1,GET,http://sifoni.demo.vn/store/detail/4,1442212639,,200
897847,127.0.0.1,GET,http://sifoni.demo.vn/store/detail/4,1442212652,,200
5b6a87,127.0.0.1,GET,http://sifoni.demo.vn/store/detail/4,1442212662,,200
a11d6c,127.0.0.1,GET,http://sifoni.demo.vn/store/detail/4,1442212671,,200
be7f3b,127.0.0.1,GET,http://sifoni.demo.vn/store/detail/4,1442212675,,200
a43536,127.0.0.1,GET,http://sifoni.demo.vn/store,1442213666,,200
8488dc,127.0.0.1,GET,http://sifoni.demo.vn/store,1442214527,,200
fa59ae,127.0.0.1,GET,http://sifoni.demo.vn/favicon.ico,1442214527,,404
a84265,127.0.0.1,GET,http://sifoni.demo.vn/favicon.ico,1442214528,,404
7cdf75,127.0.0.1,GET,http://sifoni.demo.vn/store/detail/4,1442214724,,200
d9b7d3,127.0.0.1,POST,http://sifoni.demo.vn/auth/login,1442214732,,200
2522df,127.0.0.1,GET,http://sifoni.demo.vn/auth/styles/images/c-1.jpg,1442214732,,404
3f1d79,127.0.0.1,GET,http://sifoni.demo.vn/store,1442214736,,200
b82c97,127.0.0.1,GET,http://sifoni.demo.vn/store/detail/4,1442214740,,200
90c905,127.0.0.1,GET,http://sifoni.demo.vn/store/detail/4,1442216270,,200
c80039,127.0.0.1,GET,http://sifoni.demo.vn/store,1442216276,,200
091637,127.0.0.1,GET,http://sifoni.demo.vn/store,1442216377,,200
c5f30c,127.0.0.1,GET,http://sifoni.demo.vn/store,1442216387,,200
c02c0f,127.0.0.1,GET,http://sifoni.demo.vn/store,1442216663,,200
e215b4,127.0.0.1,GET,http://sifoni.demo.vn/store/detail/4,1442216664,,200
2406ca,127.0.0.1,GET,http://sifoni.demo.vn/store/detail/4,1442216699,,200
2d6f85,127.0.0.1,GET,http://sifoni.demo.vn/store/detail/4,1442216733,,200
9924ac,127.0.0.1,GET,http://sifoni.demo.vn/auth/logout,1442216741,,302
fafbdb,127.0.0.1,GET,http://sifoni.demo.vn/,1442216742,,200
52a0ca,127.0.0.1,GET,http://sifoni.demo.vn/store,1442216745,,200
437f2d,127.0.0.1,GET,http://sifoni.demo.vn/store/detail/5,1442216746,,200
ea992b,127.0.0.1,GET,http://sifoni.demo.vn/store/detail/5,1442216754,,200
f1086a,127.0.0.1,GET,http://sifoni.demo.vn/store/detail/5,1442216759,,200
2b11a0,127.0.0.1,GET,http://sifoni.demo.vn/store/detail/5,1442216790,,200
d87910,127.0.0.1,GET,http://sifoni.demo.vn/store/detail/5,1442216796,,200
8c8f53,127.0.0.1,POST,http://sifoni.demo.vn/auth/login,1442216806,,200
15bb95,127.0.0.1,GET,http://sifoni.demo.vn/auth/styles/images/c-1.jpg,1442216806,,404
09bdf6,127.0.0.1,GET,http://sifoni.demo.vn/store,1442216809,,200
bd3034,127.0.0.1,GET,http://sifoni.demo.vn/store/detail/4,1442216811,,200
d62995,127.0.0.1,GET,http://sifoni.demo.vn/store/detail/4,1442216820,,200
beed74,127.0.0.1,GET,http://sifoni.demo.vn/store/detail/4,1442216833,,200
8c1e24,127.0.0.1,GET,http://sifoni.demo.vn/store/detail/4,1442216867,,200
b20dfd,127.0.0.1,GET,http://sifoni.demo.vn/auth/logout,1442216871,,302
92de02,127.0.0.1,GET,http://sifoni.demo.vn/,1442216871,,200
03bef0,127.0.0.1,GET,http://sifoni.demo.vn/store,1442216873,,200
a0891f,127.0.0.1,GET,http://sifoni.demo.vn/store/detail/9,1442216875,,200
7b1044,127.0.0.1,GET,http://sifoni.demo.vn/store/detail/9,1442216909,,200
e866f8,127.0.0.1,GET,http://sifoni.demo.vn/store,1442216913,,200
3a3bea,127.0.0.1,GET,http://sifoni.demo.vn/store/detail/6,1442216915,,200
e08013,127.0.0.1,POST,http://sifoni.demo.vn/auth/login,1442216920,,200
4a5584,127.0.0.1,GET,http://sifoni.demo.vn/auth/styles/images/c-1.jpg,1442216921,,404
995c0f,127.0.0.1,GET,http://sifoni.demo.vn/store,1442216923,,200
8ab55e,127.0.0.1,GET,http://sifoni.demo.vn/store/detail/8,1442216925,,200
906cea,127.0.0.1,GET,http://sifoni.demo.vn/store/detail/8,1442216964,,200
d67c93,127.0.0.1,GET,http://sifoni.demo.vn/store/detail/8,1442217002,,200
726a83,127.0.0.1,GET,http://sifoni.demo.vn/store/detail/8,1442217110,,200
67c327,127.0.0.1,GET,http://sifoni.demo.vn/store/detail/8,1442217160,,200
48455d,127.0.0.1,GET,http://sifoni.demo.vn/auth/logout,1442217187,,302
a6cd62,127.0.0.1,GET,http://sifoni.demo.vn/,1442217187,,200
ffc6c4,127.0.0.1,GET,http://sifoni.demo.vn/store,1442217190,,200
73c540,127.0.0.1,GET,http://sifoni.demo.vn/store/detail/5,1442217191,,200
d105dc,127.0.0.1,GET,http://sifoni.demo.vn/store/detail/5,1442217225,,200
cda48a,127.0.0.1,GET,http://sifoni.demo.vn/store/detail/5,1442217235,,200
b65bda,127.0.0.1,GET,http://sifoni.demo.vn/store/detail/5,1442217239,,200
a982e9,127.0.0.1,GET,http://sifoni.demo.vn/store/detail/5,1442217251,,200
f129d7,127.0.0.1,GET,http://sifoni.demo.vn/store/detail/5,1442217273,,200
487e0e,127.0.0.1,GET,http://sifoni.demo.vn/store/detail/5,1442217338,,200
ca1162,127.0.0.1,GET,http://sifoni.demo.vn/store/detail/5,1442217462,,200
99f443,127.0.0.1,GET,http://sifoni.demo.vn/store/detail/5,1442217500,,200
a4c73e,127.0.0.1,POST,http://sifoni.demo.vn/auth/login,1442217515,,200
ff5e72,127.0.0.1,GET,http://sifoni.demo.vn/auth/styles/images/c-1.jpg,1442217516,,404
dd1d6e,127.0.0.1,POST,http://sifoni.demo.vn/auth/login,1442217533,,200
c10163,127.0.0.1,GET,http://sifoni.demo.vn/auth/styles/images/c-1.jpg,1442217533,,404
d46868,127.0.0.1,POST,http://sifoni.demo.vn/auth/login,1442217558,,200
4221bc,127.0.0.1,GET,http://sifoni.demo.vn/auth/styles/images/c-1.jpg,1442217558,,404
9c958d,127.0.0.1,GET,http://sifoni.demo.vn/store,1442217561,,200
80798d,127.0.0.1,GET,http://sifoni.demo.vn/store/detail/5,1442217563,,200
7cf9e6,127.0.0.1,GET,http://sifoni.demo.vn/store/detail/5,1442218722,,200
021946,127.0.0.1,GET,http://sifoni.demo.vn/store/detail/5,1442218735,,200
ac1f7d,127.0.0.1,GET,http://sifoni.demo.vn/store/detail/5,1442218796,,200
8d594c,127.0.0.1,GET,http://sifoni.demo.vn/store/detail/5,1442218806,,200
9f8a55,127.0.0.1,GET,http://sifoni.demo.vn/auth/logout,1442218814,,302
63052f,127.0.0.1,GET,http://sifoni.demo.vn/,1442218814,,200
a2be00,127.0.0.1,GET,http://sifoni.demo.vn/store,1442218816,,200
c097f1,127.0.0.1,GET,http://sifoni.demo.vn/store/detail/6,1442218818,,200
c56e9c,127.0.0.1,POST,http://sifoni.demo.vn/auth/login,1442218867,,200
717ee0,127.0.0.1,GET,http://sifoni.demo.vn/auth/styles/images/c-1.jpg,1442218868,,404
cb1a34,127.0.0.1,GET,http://sifoni.demo.vn/store,1442218871,,200
ed9c59,127.0.0.1,GET,http://sifoni.demo.vn/store/detail/5,1442218872,,200
26f1bd,127.0.0.1,POST,http://sifoni.demo.vn/store/detail/index.php/?c=store&m=cart,1442218877,,200
d29b6b,127.0.0.1,GET,http://sifoni.demo.vn/store/detail/styles/images/c-1.jpg,1442218878,,404
af7e81,127.0.0.1,POST,http://sifoni.demo.vn/store/detail/index.php/?c=store&m=cart,1442219001,,200
f22381,127.0.0.1,GET,http://sifoni.demo.vn/store/detail/styles/images/c-1.jpg,1442219001,,404
6fa015,127.0.0.1,GET,http://sifoni.demo.vn/store/detail/5,1442219017,,200
0eece5,127.0.0.1,POST,http://sifoni.demo.vn/store/cart,1442219021,,500
f899d4,127.0.0.1,POST,http://sifoni.demo.vn/store/cart,1442221596,,500
589e6b,127.0.0.1,POST,http://sifoni.demo.vn/store/cart,1442221675,,500
3078d1,127.0.0.1,POST,http://sifoni.demo.vn/store/cart,1442221729,,500
4f984a,127.0.0.1,POST,http://sifoni.demo.vn/store/cart,1442221767,,200
80fdfd,127.0.0.1,POST,http://sifoni.demo.vn/store/cart,1442225532,,500
b3b773,127.0.0.1,POST,http://sifoni.demo.vn/store/cart,1442225815,,404
cdf926,127.0.0.1,POST,http://sifoni.demo.vn/store/cart,1442225874,,404
e2631f,127.0.0.1,POST,http://sifoni.demo.vn/store/cart,1442225888,,500
6463e8,127.0.0.1,GET,http://sifoni.demo.vn/store/detail/4,1442226053,,200
f22c0f,127.0.0.1,GET,http://sifoni.demo.vn/,1442244304,,200
051b60,127.0.0.1,GET,http://sifoni.demo.vn/favicon.ico,1442244306,,404
ec4782,127.0.0.1,GET,http://sifoni.demo.vn/store,1442245710,,200
9e0178,127.0.0.1,GET,http://sifoni.demo.vn/store/detail/6,1442245715,,200
1ae3a0,127.0.0.1,POST,http://sifoni.demo.vn/auth/login,1442245725,,200
163108,127.0.0.1,GET,http://sifoni.demo.vn/auth/styles/images/c-1.jpg,1442245726,,404
7f1de6,127.0.0.1,GET,http://sifoni.demo.vn/store,1442245729,,200
c7f526,127.0.0.1,GET,http://sifoni.demo.vn/store/detail/9,1442245731,,200
604d39,127.0.0.1,GET,http://sifoni.demo.vn/,1442283465,,200
cb88b0,127.0.0.1,GET,http://sifoni.demo.vn/,1442283495,,200
b157a4,127.0.0.1,POST,http://sifoni.demo.vn/auth/login,1442283534,,200
f3d8f2,127.0.0.1,GET,http://sifoni.demo.vn/auth/styles/images/c-1.jpg,1442283534,,404
9266be,127.0.0.1,GET,http://sifoni.demo.vn/store,1442283543,,200
279b45,127.0.0.1,GET,http://sifoni.demo.vn/store/detail/4,1442283550,,200
9c92b9,127.0.0.1,POST,http://sifoni.demo.vn/store/cart,1442283556,,200
a880ca,127.0.0.1,GET,http://sifoni.demo.vn/,1442298787,,200
7f81a1,127.0.0.1,GET,http://sifoni.demo.vn/favicon.ico,1442298789,,404
833203,172.17.20.31,GET,http://sifoni.demo.vn/,1442299616,,200
276f05,127.0.0.1,POST,http://sifoni.demo.vn/auth/login,1442299997,,200
f8a157,127.0.0.1,GET,http://sifoni.demo.vn/auth/styles/images/c-1.jpg,1442299997,,404
0a8068,127.0.0.1,GET,http://sifoni.demo.vn/store,1442299999,,200
aa3d33,127.0.0.1,GET,http://sifoni.demo.vn/store/detail/5,1442300001,,200
759eee,127.0.0.1,POST,http://sifoni.demo.vn/store/cart,1442300008,,200
24c06b,127.0.0.1,POST,http://sifoni.demo.vn/store/cart,1442301346,,200
ea6a92,127.0.0.1,GET,http://sifoni.demo.vn/store/cart,1442301575,,500
7e084a,127.0.0.1,GET,http://sifoni.demo.vn/store/cart,1442301596,,200
7879de,127.0.0.1,GET,http://sifoni.demo.vn/store/cart,1442301779,,200
ced9f4,127.0.0.1,GET,http://sifoni.demo.vn/store/,1442301807,,404
b1fc62,127.0.0.1,GET,http://sifoni.demo.vn/store,1442301815,,500
3f810c,127.0.0.1,GET,http://sifoni.demo.vn/store,1442301929,,200
930d61,127.0.0.1,GET,http://sifoni.demo.vn/store/detail/6,1442301932,,200
95e12b,127.0.0.1,POST,http://sifoni.demo.vn/store/cart,1442301936,,200
a8250d,127.0.0.1,GET,http://sifoni.demo.vn/store/cart,1442303123,,500
fae8c5,127.0.0.1,GET,http://sifoni.demo.vn/store/cart,1442303159,,500
03e3b4,127.0.0.1,POST,http://sifoni.demo.vn/store/cart,1442303205,,500
6d3ba1,127.0.0.1,POST,http://sifoni.demo.vn/store/cart,1442303218,,500
b1a3da,127.0.0.1,GET,http://sifoni.demo.vn/store/cart,1442303331,,500
7e27f3,127.0.0.1,GET,http://sifoni.demo.vn/store/detail/4,1442303335,,200
4deb29,127.0.0.1,POST,http://sifoni.demo.vn/store/cart,1442303340,,500
0c0818,127.0.0.1,POST,http://sifoni.demo.vn/store/cart,1442303351,,500
1a85d6,127.0.0.1,POST,http://sifoni.demo.vn/store/cart,1442303530,,500
1bd246,127.0.0.1,POST,http://sifoni.demo.vn/store/cart,1442303532,,500
0125b5,127.0.0.1,POST,http://sifoni.demo.vn/store/cart,1442303548,,500
d58792,127.0.0.1,POST,http://sifoni.demo.vn/store/cart,1442303764,,500
cb521e,127.0.0.1,GET,http://sifoni.demo.vn/store/detail/4,1442304002,,200
c78698,127.0.0.1,POST,http://sifoni.demo.vn/store/cart,1442304006,,500
159457,127.0.0.1,GET,http://sifoni.demo.vn/store/cart,1442304073,,500
905496,127.0.0.1,GET,http://sifoni.demo.vn/store/cart,1442304092,,500
cb817c,127.0.0.1,POST,http://sifoni.demo.vn/store/cart,1442304104,,500
7e5d34,127.0.0.1,POST,http://sifoni.demo.vn/store/cart,1442304144,,200
4c3b84,127.0.0.1,POST,http://sifoni.demo.vn/index.php/?c=cart&m=delete,1442304170,,200
f7993f,127.0.0.1,GET,http://sifoni.demo.vn/store/index.php?c=store&m=index,1442304175,,404
ce8532,127.0.0.1,POST,http://sifoni.demo.vn/store/cart,1442304183,,200
30efd3,127.0.0.1,GET,http://sifoni.demo.vn/store/index.php?c=store&m=index,1442304220,,404
108952,127.0.0.1,GET,http://sifoni.demo.vn/store/detail/6,1442304226,,200
041641,127.0.0.1,POST,http://sifoni.demo.vn/store/cart,1442304228,,200
0bf0e8,127.0.0.1,POST,http://sifoni.demo.vn/store/cart,1442304538,,200
45c748,127.0.0.1,GET,http://sifoni.demo.vn/store,1442304541,,200
cc77e1,127.0.0.1,GET,http://sifoni.demo.vn/store/detail/6,1442304543,,200
6e13f8,127.0.0.1,POST,http://sifoni.demo.vn/store/cart,1442304547,,200
d0e618,127.0.0.1,GET,http://sifoni.demo.vn/store,1442304605,,200
9a5ffd,127.0.0.1,GET,http://sifoni.demo.vn/store/detail/8,1442304607,,200
10a064,127.0.0.1,POST,http://sifoni.demo.vn/store/cart,1442304609,,200
df0332,127.0.0.1,POST,http://sifoni.demo.vn/store/cart,1442304646,,200
5144bf,127.0.0.1,GET,http://sifoni.demo.vn/store,1442304656,,200
f5c45a,127.0.0.1,GET,http://sifoni.demo.vn/store/detail/6,1442304658,,200
4c7c0b,127.0.0.1,POST,http://sifoni.demo.vn/store/cart,1442304660,,200
613547,127.0.0.1,POST,http://sifoni.demo.vn/store/cart,1442304673,,200
a4131b,127.0.0.1,POST,http://sifoni.demo.vn/store/cart,1442304916,,200
59e1d0,127.0.0.1,GET,http://sifoni.demo.vn/store,1442304919,,200
3b4fd1,127.0.0.1,GET,http://sifoni.demo.vn/store/detail/7,1442304920,,200
8a1eab,127.0.0.1,POST,http://sifoni.demo.vn/store/cart,1442304922,,200
55e5bf,127.0.0.1,POST,http://sifoni.demo.vn/store/cart,1442305062,,500
a2773e,127.0.0.1,POST,http://sifoni.demo.vn/store/cart,1442305071,,500
970665,127.0.0.1,GET,http://sifoni.demo.vn/store/detail/4,1442305074,,200
6cc2b5,127.0.0.1,POST,http://sifoni.demo.vn/store/cart,1442305076,,500
e3e9d2,127.0.0.1,GET,http://sifoni.demo.vn/,1442305146,,200
021428,127.0.0.1,POST,http://sifoni.demo.vn/auth/login,1442305157,,200
b95bd4,127.0.0.1,GET,http://sifoni.demo.vn/auth/styles/images/c-1.jpg,1442305157,,404
78a22b,127.0.0.1,GET,http://sifoni.demo.vn/store,1442305159,,200
590b83,127.0.0.1,GET,http://sifoni.demo.vn/store/detail/7,1442305160,,200
0b002d,127.0.0.1,GET,http://sifoni.demo.vn/,1442305195,,200
ad297f,127.0.0.1,POST,http://sifoni.demo.vn/auth/login,1442305200,,200
302645,127.0.0.1,GET,http://sifoni.demo.vn/auth/styles/images/c-1.jpg,1442305200,,404
6be525,127.0.0.1,GET,http://sifoni.demo.vn/store,1442305202,,200
3a9542,127.0.0.1,GET,http://sifoni.demo.vn/store/detail/8,1442305204,,200
a90903,127.0.0.1,POST,http://sifoni.demo.vn/store/cart,1442305207,,500
e2f51f,127.0.0.1,GET,http://sifoni.demo.vn/store/detail/9,1442305223,,200
43c7e0,127.0.0.1,POST,http://sifoni.demo.vn/store/cart,1442305225,,500
38960d,127.0.0.1,GET,http://sifoni.demo.vn/,1442305421,,200
efbcf0,127.0.0.1,GET,http://sifoni.demo.vn/,1442305421,,200
5a666a,127.0.0.1,GET,http://sifoni.demo.vn/store,1442305426,,200
22d66a,127.0.0.1,GET,http://sifoni.demo.vn/store/detail/7,1442305430,,200
31b041,127.0.0.1,POST,http://sifoni.demo.vn/auth/login,1442305440,,200
ef6cc9,127.0.0.1,GET,http://sifoni.demo.vn/auth/styles/images/c-1.jpg,1442305440,,404
d1bbf7,127.0.0.1,GET,http://sifoni.demo.vn/store,1442305442,,200
b663c1,127.0.0.1,GET,http://sifoni.demo.vn/store/detail/5,1442305444,,200
eb97e8,127.0.0.1,POST,http://sifoni.demo.vn/store/cart,1442305445,,500
234502,127.0.0.1,GET,http://sifoni.demo.vn/store/detail/12,1442305455,,200
8fd278,127.0.0.1,POST,http://sifoni.demo.vn/store/cart,1442305471,,500
e1e3f3,127.0.0.1,GET,http://sifoni.demo.vn/,1442305575,,200
b2d85d,127.0.0.1,GET,http://sifoni.demo.vn/,1442305575,,200
f14c38,127.0.0.1,POST,http://sifoni.demo.vn/auth/login,1442305585,,200
c1eb05,127.0.0.1,GET,http://sifoni.demo.vn/auth/styles/images/c-1.jpg,1442305585,,404
38c2fe,127.0.0.1,GET,http://sifoni.demo.vn/store,1442305587,,200
e7b486,127.0.0.1,GET,http://sifoni.demo.vn/store/detail/5,1442305588,,200
cb1a6b,127.0.0.1,GET,http://sifoni.demo.vn/,1442305710,,200
44c320,127.0.0.1,GET,http://sifoni.demo.vn/store,1442305712,,200
4e3dc0,127.0.0.1,GET,http://sifoni.demo.vn/store/detail/5,1442305714,,200
7578c4,127.0.0.1,POST,http://sifoni.demo.vn/store/cart,1442305716,,200
740ed0,127.0.0.1,GET,http://sifoni.demo.vn/store,1442305719,,200
dc2fcb,127.0.0.1,GET,http://sifoni.demo.vn/store/detail/4,1442305720,,200
ea2c8f,127.0.0.1,POST,http://sifoni.demo.vn/store/cart,1442305722,,200
1075cd,127.0.0.1,GET,http://sifoni.demo.vn/,1442306098,,200
684cc4,127.0.0.1,GET,http://sifoni.demo.vn/,1442306098,,200
141268,127.0.0.1,GET,http://sifoni.demo.vn/store,1442306106,,200
7664ba,127.0.0.1,POST,http://sifoni.demo.vn/auth/login,1442306117,,200
4daa37,127.0.0.1,GET,http://sifoni.demo.vn/auth/styles/images/c-1.jpg,1442306118,,404
456190,127.0.0.1,GET,http://sifoni.demo.vn/store,1442306120,,200
1b102e,127.0.0.1,GET,http://sifoni.demo.vn/store/detail/4,1442306122,,200
e5b365,127.0.0.1,GET,http://sifoni.demo.vn/,1442306393,,200
f6d065,127.0.0.1,POST,http://sifoni.demo.vn/auth/login,1442306399,,200
3e4ccf,127.0.0.1,GET,http://sifoni.demo.vn/auth/styles/images/c-1.jpg,1442306399,,404
02d416,127.0.0.1,GET,http://sifoni.demo.vn/store,1442306401,,200
0785c0,127.0.0.1,GET,http://sifoni.demo.vn/store/detail/5,1442306402,,200
1bbed1,127.0.0.1,GET,http://sifoni.demo.vn/store,1442306408,,200
e40510,127.0.0.1,POST,http://sifoni.demo.vn/auth/login,1442306415,,200
3687a8,127.0.0.1,GET,http://sifoni.demo.vn/auth/styles/images/c-1.jpg,1442306415,,404
4439df,127.0.0.1,GET,http://sifoni.demo.vn/store,1442306419,,200
7f037b,127.0.0.1,GET,http://sifoni.demo.vn/store/detail/5,1442306420,,200
99896b,127.0.0.1,POST,http://sifoni.demo.vn/store/cart,1442306422,,200
1bdd44,127.0.0.1,GET,http://sifoni.demo.vn/store,1442306429,,200
c5dcac,127.0.0.1,GET,http://sifoni.demo.vn/store/detail/11,1442306433,,200
dd5d09,127.0.0.1,POST,http://sifoni.demo.vn/store/cart,1442306435,,500
3c86af,127.0.0.1,GET,http://sifoni.demo.vn/,1442306514,,200
971a23,127.0.0.1,GET,http://sifoni.demo.vn/,1442306514,,200
957d74,127.0.0.1,POST,http://sifoni.demo.vn/auth/login,1442306523,,200
b73998,127.0.0.1,GET,http://sifoni.demo.vn/auth/styles/images/c-1.jpg,1442306523,,404
f3a7bb,127.0.0.1,GET,http://sifoni.demo.vn/store,1442306524,,200
e0fc15,127.0.0.1,GET,http://sifoni.demo.vn/store/detail/4,1442306526,,200
9c3eb9,127.0.0.1,GET,http://sifoni.demo.vn/,1442306547,,200
f2c301,127.0.0.1,GET,http://sifoni.demo.vn/,1442306547,,200
37daa3,127.0.0.1,GET,http://sifoni.demo.vn/store,1442306549,,200
d87bef,127.0.0.1,GET,http://sifoni.demo.vn/store/detail/5,1442306551,,200
a338a9,127.0.0.1,GET,http://sifoni.demo.vn/,1442306561,,200
4438b8,127.0.0.1,GET,http://sifoni.demo.vn/store,1442306563,,200
08dc62,127.0.0.1,GET,http://sifoni.demo.vn/store/detail/12,1442306565,,200
965184,127.0.0.1,POST,http://sifoni.demo.vn/store/cart,1442306638,,500
c6ed60,127.0.0.1,GET,http://sifoni.demo.vn/,1442306722,,200
c835a2,127.0.0.1,GET,http://sifoni.demo.vn/,1442306722,,200
5df70d,127.0.0.1,GET,http://sifoni.demo.vn/store,1442306731,,200
2cb84c,127.0.0.1,POST,http://sifoni.demo.vn/auth/login,1442306737,,200
e735a0,127.0.0.1,GET,http://sifoni.demo.vn/auth/styles/images/c-1.jpg,1442306737,,404
68e606,127.0.0.1,GET,http://sifoni.demo.vn/store,1442306740,,200
dd54ee,127.0.0.1,GET,http://sifoni.demo.vn/store/detail/5,1442306742,,200
d73434,127.0.0.1,POST,http://sifoni.demo.vn/store/cart,1442306862,,200
6576ad,127.0.0.1,GET,http://sifoni.demo.vn/store/index.php?c=store&m=index,1442306869,,404
c090ad,127.0.0.1,GET,http://sifoni.demo.vn/store,1442306875,,200
ab6cc6,127.0.0.1,GET,http://sifoni.demo.vn/store/detail/5,1442306878,,200
24d880,127.0.0.1,POST,http://sifoni.demo.vn/store/cart,1442306880,,200
fcb07d,127.0.0.1,POST,http://sifoni.demo.vn/store/cart,1442306924,,200
08d038,127.0.0.1,GET,http://sifoni.demo.vn/store/index.php?c=store&m=index,1442306956,,404
6808f0,127.0.0.1,GET,http://sifoni.demo.vn/store,1442306960,,200
490469,127.0.0.1,GET,http://sifoni.demo.vn/store/detail/6,1442306962,,200
16edc1,127.0.0.1,POST,http://sifoni.demo.vn/store/cart,1442306964,,200
282c95,127.0.0.1,POST,http://sifoni.demo.vn/store/cart,1442307031,,200
b1e35b,127.0.0.1,GET,http://sifoni.demo.vn/store/index.php?c=store&m=index,1442307054,,404
f21448,127.0.0.1,GET,http://sifoni.demo.vn/store,1442307058,,200
74af0c,127.0.0.1,GET,http://sifoni.demo.vn/store,1442307058,,200
27193f,127.0.0.1,GET,http://sifoni.demo.vn/store/detail/11,1442307061,,200
5b6b89,127.0.0.1,POST,http://sifoni.demo.vn/store/cart,1442307064,,200
5d7e90,127.0.0.1,GET,http://sifoni.demo.vn/,1442307692,,200
675679,127.0.0.1,POST,http://sifoni.demo.vn/auth/login,1442307698,,200
18dfe8,127.0.0.1,GET,http://sifoni.demo.vn/auth/styles/images/c-1.jpg,1442307699,,404
e8d107,127.0.0.1,GET,http://sifoni.demo.vn/store,1442307700,,200
48fc58,127.0.0.1,GET,http://sifoni.demo.vn/store/detail/5,1442307702,,200
db4dc2,127.0.0.1,POST,http://sifoni.demo.vn/store/cart,1442307704,,200
286e6f,127.0.0.1,GET,http://sifoni.demo.vn/store,1442307729,,200
474bc2,127.0.0.1,GET,http://sifoni.demo.vn/store/detail/5,1442307731,,200
39a9a6,127.0.0.1,POST,http://sifoni.demo.vn/store/cart,1442307733,,200
eb7d99,127.0.0.1,GET,http://sifoni.demo.vn/,1442307824,,200
950871,127.0.0.1,GET,http://sifoni.demo.vn/,1442307825,,200
a2ab8d,127.0.0.1,POST,http://sifoni.demo.vn/auth/login,1442307830,,200
ee0e48,127.0.0.1,POST,http://sifoni.demo.vn/auth/login,1442307830,,200
03bad9,127.0.0.1,GET,http://sifoni.demo.vn/auth/styles/images/c-1.jpg,1442307831,,404
b54a51,127.0.0.1,GET,http://sifoni.demo.vn/store,1442307832,,200
d3e0ed,127.0.0.1,GET,http://sifoni.demo.vn/store/detail/5,1442307834,,200
e18817,127.0.0.1,POST,http://sifoni.demo.vn/store/cart,1442307837,,200
09e269,127.0.0.1,GET,http://sifoni.demo.vn/store,1442307840,,200
905076,127.0.0.1,GET,http://sifoni.demo.vn/store/detail/7,1442307842,,200
0c3dc3,127.0.0.1,POST,http://sifoni.demo.vn/store/cart,1442307844,,200
b91e24,127.0.0.1,GET,http://sifoni.demo.vn/store,1442308043,,200
3e97da,127.0.0.1,GET,http://sifoni.demo.vn/store/detail/11,1442308048,,200
63fd7a,127.0.0.1,POST,http://sifoni.demo.vn/store/cart,1442308052,,200
6bff48,127.0.0.1,POST,http://sifoni.demo.vn/index.php/?c=cart&m=delete,1442308065,,200
91f4e0,127.0.0.1,POST,http://sifoni.demo.vn/index.php/?c=cart&m=delete,1442308071,,200
91697d,127.0.0.1,POST,http://sifoni.demo.vn/store/cart,1442308077,,200
b0bcdb,127.0.0.1,POST,http://sifoni.demo.vn/store/cart,1442308097,,200
f8186a,127.0.0.1,POST,http://sifoni.demo.vn/store/cart,1442308196,,200
bb5236,127.0.0.1,POST,http://sifoni.demo.vn/store/cart,1442308311,,200
7fbd1a,127.0.0.1,POST,http://sifoni.demo.vn/store/cart,1442308314,,200
a48ced,127.0.0.1,GET,http://sifoni.demo.vn/store,1442308319,,200
51a400,127.0.0.1,GET,http://sifoni.demo.vn/store/detail/9,1442308321,,200
912df2,127.0.0.1,POST,http://sifoni.demo.vn/store/cart,1442308324,,200
7df169,127.0.0.1,POST,http://sifoni.demo.vn/store/cart,1442308329,,200
7b9387,127.0.0.1,POST,http://sifoni.demo.vn/index.php/?c=cart&m=delete,1442308688,,200
ff5542,127.0.0.1,POST,http://sifoni.demo.vn/index.php/?c=cart&m=delete,1442308689,,200
da5684,127.0.0.1,POST,http://sifoni.demo.vn/index.php/?c=cart&m=delete,1442308690,,200
54586a,127.0.0.1,POST,http://sifoni.demo.vn/index.php/?c=cart&m=delete,1442308690,,200
66fa86,127.0.0.1,POST,http://sifoni.demo.vn/index.php/?c=cart&m=delete,1442308690,,200
8d60e0,127.0.0.1,POST,http://sifoni.demo.vn/index.php/?c=cart&m=delete,1442308691,,200
4aeb2f,127.0.0.1,POST,http://sifoni.demo.vn/index.php/?c=cart&m=delete,1442308691,,200
c764f2,127.0.0.1,POST,http://sifoni.demo.vn/index.php/?c=cart&m=delete,1442308691,,200
ca8221,127.0.0.1,POST,http://sifoni.demo.vn/index.php/?c=cart&m=delete,1442308691,,200
62a478,127.0.0.1,POST,http://sifoni.demo.vn/index.php/?c=cart&m=delete,1442308691,,200
1ca67d,127.0.0.1,POST,http://sifoni.demo.vn/index.php/?c=cart&m=delete,1442308692,,200
4430b3,127.0.0.1,POST,http://sifoni.demo.vn/index.php/?c=cart&m=delete,1442308692,,200
4f205e,127.0.0.1,POST,http://sifoni.demo.vn/store/cart,1442308695,,200
b5da5f,127.0.0.1,GET,http://sifoni.demo.vn/auth/logout,1442309056,,302
db2cdb,127.0.0.1,GET,http://sifoni.demo.vn/,1442309056,,200
4e4645,127.0.0.1,POST,http://sifoni.demo.vn/auth/login,1442309064,,200
cc7328,127.0.0.1,GET,http://sifoni.demo.vn/auth/styles/images/c-1.jpg,1442309064,,404
cf9d58,127.0.0.1,GET,http://sifoni.demo.vn/auth/index.php?c=store&m=total,1442309066,,404
fded68,127.0.0.1,GET,http://sifoni.demo.vn/auth/index.php?c=store&m=total,1442309130,,404
3f917c,127.0.0.1,POST,http://sifoni.demo.vn/auth/login,1442309137,,200
975814,127.0.0.1,GET,http://sifoni.demo.vn/auth/styles/images/c-1.jpg,1442309137,,404
a7d745,127.0.0.1,GET,http://sifoni.demo.vn/store/cart,1442309140,,500
2a039d,127.0.0.1,GET,http://sifoni.demo.vn/,1442309209,,200
1ae517,127.0.0.1,POST,http://sifoni.demo.vn/auth/login,1442309213,,200
1b2287,127.0.0.1,GET,http://sifoni.demo.vn/auth/styles/images/c-1.jpg,1442309214,,404
364889,127.0.0.1,GET,http://sifoni.demo.vn/store/cart,1442309219,,500
cd9e30,127.0.0.1,GET,http://sifoni.demo.vn/,1442309331,,200
48a36d,127.0.0.1,GET,http://sifoni.demo.vn/,1442309331,,200
528e6f,127.0.0.1,POST,http://sifoni.demo.vn/auth/login,1442309337,,200
3eef96,127.0.0.1,GET,http://sifoni.demo.vn/auth/styles/images/c-1.jpg,1442309337,,404
0a8d5b,127.0.0.1,GET,http://sifoni.demo.vn/store,1442309339,,200
157b7a,127.0.0.1,GET,http://sifoni.demo.vn/store/cart,1442309340,,500
04f83b,127.0.0.1,GET,http://sifoni.demo.vn/,1442309367,,200
377423,127.0.0.1,GET,http://sifoni.demo.vn/,1442309367,,200
ad2b2a,127.0.0.1,GET,http://sifoni.demo.vn/,1442309373,,200
577227,127.0.0.1,POST,http://sifoni.demo.vn/auth/login,1442309384,,200
e3ebf1,127.0.0.1,GET,http://sifoni.demo.vn/auth/styles/images/c-1.jpg,1442309384,,404
6144ee,127.0.0.1,GET,http://sifoni.demo.vn/store/cart,1442309392,,500
6d4cbd,127.0.0.1,GET,http://sifoni.demo.vn/,1442309601,,200
77564f,127.0.0.1,GET,http://sifoni.demo.vn/,1442309601,,200
93f27a,127.0.0.1,GET,http://sifoni.demo.vn/,1442309613,,200
bdafbe,127.0.0.1,POST,http://sifoni.demo.vn/auth/login,1442309617,,200
d4a2d9,127.0.0.1,GET,http://sifoni.demo.vn/auth/styles/images/c-1.jpg,1442309617,,404
9ace7d,127.0.0.1,GET,http://sifoni.demo.vn/store/cart,1442309621,,500
601e41,127.0.0.1,GET,http://sifoni.demo.vn/,1442309891,,200
b0b8f1,127.0.0.1,GET,http://sifoni.demo.vn/,1442309891,,200
bf5b78,127.0.0.1,POST,http://sifoni.demo.vn/auth/login,1442309899,,200
e5c75e,127.0.0.1,GET,http://sifoni.demo.vn/auth/styles/images/c-1.jpg,1442309899,,404
fcdd95,127.0.0.1,GET,http://sifoni.demo.vn/store/cart,1442309902,,200
40eed6,127.0.0.1,GET,http://sifoni.demo.vn/store,1442309917,,200
b049f6,127.0.0.1,GET,http://sifoni.demo.vn/store/detail/4,1442309918,,200
36173f,127.0.0.1,POST,http://sifoni.demo.vn/store/cart,1442309921,,200
acf285,127.0.0.1,GET,http://sifoni.demo.vn/store,1442309924,,200
863d1e,127.0.0.1,GET,http://sifoni.demo.vn/store/detail/6,1442309926,,200
b33054,127.0.0.1,POST,http://sifoni.demo.vn/store/cart,1442309932,,200
e85e98,127.0.0.1,POST,http://sifoni.demo.vn/store/cart,1442309938,,200
571da5,127.0.0.1,GET,http://sifoni.demo.vn/store/cart,1442311126,,200
330979,127.0.0.1,POST,http://sifoni.demo.vn/index.php/?c=cart&m=delete,1442311216,,200
0617da,127.0.0.1,POST,http://sifoni.demo.vn/index.php/?c=cart&m=delete,1442311218,,200
614974,127.0.0.1,POST,http://sifoni.demo.vn/index.php/?c=cart&m=delete,1442311219,,200
29e9e7,127.0.0.1,POST,http://sifoni.demo.vn/index.php/?c=cart&m=delete,1442311219,,200
ae3038,127.0.0.1,POST,http://sifoni.demo.vn/index.php/?c=cart&m=delete,1442311219,,200
622c90,127.0.0.1,POST,http://sifoni.demo.vn/index.php/?c=cart&m=delete,1442311219,,200
251452,127.0.0.1,POST,http://sifoni.demo.vn/index.php/?c=cart&m=delete,1442311220,,200
f661d7,127.0.0.1,POST,http://sifoni.demo.vn/index.php/?c=cart&m=delete,1442311220,,200
97b1c0,127.0.0.1,POST,http://sifoni.demo.vn/index.php/?c=cart&m=delete,1442311222,,200
1c7e32,127.0.0.1,POST,http://sifoni.demo.vn/index.php/?c=cart&m=delete,1442311222,,200
1b90c8,127.0.0.1,POST,http://sifoni.demo.vn/index.php/?c=cart&m=delete,1442311222,,200
7fb816,127.0.0.1,POST,http://sifoni.demo.vn/index.php/?c=cart&m=delete,1442311222,,200
2c27d5,127.0.0.1,POST,http://sifoni.demo.vn/index.php/?c=cart&m=delete,1442311222,,200
8c4a2a,127.0.0.1,POST,http://sifoni.demo.vn/index.php/?c=cart&m=delete,1442311294,,200
a1a7e3,127.0.0.1,POST,http://sifoni.demo.vn/index.php/?c=cart&m=delete,1442311296,,200
6a77af,127.0.0.1,POST,http://sifoni.demo.vn/index.php/?c=cart&m=delete,1442311296,,200
b4b3d4,127.0.0.1,POST,http://sifoni.demo.vn/index.php/?c=cart&m=delete,1442311296,,200
2dba06,127.0.0.1,POST,http://sifoni.demo.vn/index.php/?c=cart&m=delete,1442311297,,200
552a56,127.0.0.1,POST,http://sifoni.demo.vn/index.php/?c=cart&m=delete,1442311297,,200
bd9ea2,127.0.0.1,POST,http://sifoni.demo.vn/index.php/?c=cart&m=delete,1442311297,,200
a8174e,127.0.0.1,GET,http://sifoni.demo.vn/store/cart,1442311299,,200
826af5,127.0.0.1,POST,http://sifoni.demo.vn/index.php/?c=cart&m=delete,1442311301,,200
a3268d,127.0.0.1,GET,http://sifoni.demo.vn/store/cart,1442311388,,200
75ba98,127.0.0.1,GET,http://sifoni.demo.vn/store/cart,1442311415,,200
297bff,127.0.0.1,GET,http://sifoni.demo.vn/store/cart,1442311516,,200
d541c9,127.0.0.1,POST,http://sifoni.demo.vn/store/cart/delete,1442311526,,500
ee7220,127.0.0.1,GET,http://sifoni.demo.vn/store/cart,1442311560,,200
a8be28,127.0.0.1,GET,http://sifoni.demo.vn/,1442311570,,200
7d0f57,127.0.0.1,GET,http://sifoni.demo.vn/,1442311570,,200
9f6ccb,127.0.0.1,GET,http://sifoni.demo.vn/,1442311616,,200
4bc160,127.0.0.1,GET,http://sifoni.demo.vn/,1442311633,,200
ab3631,127.0.0.1,GET,http://sifoni.demo.vn/,1442311655,,200
9a2ca4,127.0.0.1,GET,http://sifoni.demo.vn/,1442311669,,200
1e0902,127.0.0.1,POST,http://sifoni.demo.vn/auth/login,1442311683,,200
89f5d0,127.0.0.1,GET,http://sifoni.demo.vn/auth/styles/images/c-1.jpg,1442311683,,404
d20d09,127.0.0.1,GET,http://sifoni.demo.vn/store,1442311688,,200
595c75,127.0.0.1,GET,http://sifoni.demo.vn/store/detail/4,1442311690,,200
47feb5,127.0.0.1,POST,http://sifoni.demo.vn/store/cart,1442311692,,200
22fcfa,127.0.0.1,GET,http://sifoni.demo.vn/store,1442311695,,200
28bedd,127.0.0.1,GET,http://sifoni.demo.vn/store/detail/6,1442311696,,200
c269de,127.0.0.1,POST,http://sifoni.demo.vn/store/cart,1442311698,,200
cead3c,127.0.0.1,POST,http://sifoni.demo.vn/store/cart/delete,1442311700,,500
98ed63,127.0.0.1,POST,http://sifoni.demo.vn/store/cart/delete,1442311732,,500
2fc9d0,127.0.0.1,POST,http://sifoni.demo.vn/store/cart/delete,1442311732,,500
88a264,127.0.0.1,POST,http://sifoni.demo.vn/store/cart/delete,1442311732,,500
704d57,127.0.0.1,POST,http://sifoni.demo.vn/store/cart/delete,1442311732,,500
a807e9,127.0.0.1,POST,http://sifoni.demo.vn/store/cart/delete,1442311732,,500
87b755,127.0.0.1,POST,http://sifoni.demo.vn/store/cart/delete,1442311733,,500
e83bf5,127.0.0.1,POST,http://sifoni.demo.vn/store/cart/delete,1442311758,,500
1e2b21,127.0.0.1,GET,http://sifoni.demo.vn/store/cart,1442311761,,200
71bdb2,127.0.0.1,POST,http://sifoni.demo.vn/store/cart/delete,1442311765,,500
55cdc9,127.0.0.1,GET,http://sifoni.demo.vn/store,1442311770,,200
497a0d,127.0.0.1,POST,http://sifoni.demo.vn/store/cart/delete,1442311846,,500
9d03ef,127.0.0.1,GET,http://sifoni.demo.vn/store/cart,1442311903,,200
eaae8f,127.0.0.1,POST,http://sifoni.demo.vn/store/cart/delete,1442311906,,200
fa405a,127.0.0.1,GET,http://sifoni.demo.vn/auth/logout,1442312655,,302
6b5add,127.0.0.1,GET,http://sifoni.demo.vn/,1442312655,,200
190895,127.0.0.1,GET,http://sifoni.demo.vn/,1442312663,,200
09687b,127.0.0.1,POST,http://sifoni.demo.vn/auth/login,1442312668,,200
64df64,127.0.0.1,GET,http://sifoni.demo.vn/auth/styles/images/c-1.jpg,1442312668,,404
c451d8,127.0.0.1,GET,http://sifoni.demo.vn/store,1442312669,,200
7dff65,127.0.0.1,GET,http://sifoni.demo.vn/store/detail/5,1442312671,,200
f3a3d2,127.0.0.1,POST,http://sifoni.demo.vn/store/cart,1442312673,,200
53a216,127.0.0.1,GET,http://sifoni.demo.vn/store,1442312675,,200
20fdea,127.0.0.1,GET,http://sifoni.demo.vn/store/detail/4,1442312677,,200
ee5a3d,127.0.0.1,POST,http://sifoni.demo.vn/store/cart,1442312680,,200
a4e537,127.0.0.1,POST,http://sifoni.demo.vn/store/cart/delete,1442312683,,500
74c5bc,127.0.0.1,POST,http://sifoni.demo.vn/store/cart/delete,1442312699,,500
58bd9c,127.0.0.1,POST,http://sifoni.demo.vn/store/cart,1442312753,,200
a8b383,127.0.0.1,POST,http://sifoni.demo.vn/store/cart/delete,1442312755,,200
651b6c,127.0.0.1,GET,http://sifoni.demo.vn/store,1442312757,,200
ccc4a9,127.0.0.1,GET,http://sifoni.demo.vn/store/detail/7,1442312759,,200
867912,127.0.0.1,POST,http://sifoni.demo.vn/store/cart,1442312764,,200
a4eebf,127.0.0.1,GET,http://sifoni.demo.vn/store,1442312766,,200
deb667,127.0.0.1,GET,http://sifoni.demo.vn/store/detail/5,1442312768,,200
ed6515,127.0.0.1,POST,http://sifoni.demo.vn/store/cart,1442312770,,200
f8b683,127.0.0.1,GET,http://sifoni.demo.vn/store,1442312772,,200
f7ccff,127.0.0.1,GET,http://sifoni.demo.vn/store/detail/9,1442312774,,200
11b758,127.0.0.1,POST,http://sifoni.demo.vn/store/cart,1442312776,,200
795ac5,127.0.0.1,POST,http://sifoni.demo.vn/store/cart/delete,1442312778,,200
e803a2,127.0.0.1,POST,http://sifoni.demo.vn/store/cart/delete,1442312779,,200
9426f5,127.0.0.1,POST,http://sifoni.demo.vn/store/cart,1442312782,,200
